speed,timestamp,minutes,morningrush,weekday,holidayfr,holidaych,schoolfr,schoolch,humidity,pressure,rain3h,snow3h,temperature,weather
44,1487604515000,988,false,monday,false,false,false,true,77.0,950.72,,,7.11,802
42,1487605308000,1001,false,monday,false,false,false,true,77.0,950.72,,,7.11,802
46,1487606215000,1016,false,monday,false,false,false,true,77.0,950.72,,,7.11,802
42,1487607321000,1035,false,monday,false,false,false,true,77.0,950.72,,,7.11,802
32,1487608129000,1048,false,monday,false,false,false,true,77.0,950.72,,,7.11,802
34,1487608998000,1063,false,monday,false,false,false,true,77.0,950.72,,,7.11,802
36,1487609945000,1079,false,monday,false,false,false,true,77.0,950.72,,,7.11,802
30,1487610829000,1093,false,monday,false,false,false,true,77.0,950.72,,,7.11,802
39,1487611827000,1110,false,monday,false,false,false,true,77.0,950.72,,,7.11,802
34,1487612574000,1122,false,monday,false,false,false,true,77.0,950.72,,,7.11,802
29,1487613554000,1139,false,monday,false,false,false,true,77.0,950.72,,,7.11,802
32,1487614450000,1154,false,monday,false,false,false,true,77.0,950.72,,,7.11,802
52,1487615214000,1166,false,monday,false,false,false,true,77.0,950.72,,,7.11,802
40,1487616859000,1194,false,monday,false,false,false,true,77.0,950.72,,,7.11,802
40,1487620557000,1255,false,monday,false,false,false,true,93.0,951.56,,,2.26,802
40,1487624368000,1319,false,monday,false,false,false,true,93.0,951.56,,,2.26,802
49,1487627968000,1379,false,monday,false,false,false,true,93.0,951.56,,,2.26,802
41,1487631728000,2,false,tuesday,false,false,false,true,91.0,952.16,,,-1.76,802
40,1487652432000,347,false,tuesday,false,false,false,true,89.0,951.29,,,-1.58,803
40,1487654314000,378,false,tuesday,false,false,false,true,89.0,951.29,,,-1.58,803
27,1487656335000,412,false,tuesday,false,false,false,true,89.0,951.29,,,-1.58,803
21,1487658043000,440,true,tuesday,false,false,false,true,89.0,951.29,,,-1.58,803
19,1487659267000,461,true,tuesday,false,false,false,true,89.0,951.29,,,-1.58,803
26,1487659906000,471,true,tuesday,false,false,false,true,89.0,951.29,,,-1.58,803
24,1487660872000,487,true,tuesday,false,false,false,true,93.0,951.06,,,-1.26,803
23,1487661884000,504,true,tuesday,false,false,false,true,93.0,951.06,,,-1.26,803
26,1487662694000,518,true,tuesday,false,false,false,true,93.0,951.06,,,-1.26,803
18,1487663926000,538,true,tuesday,false,false,false,true,93.0,951.06,,,-1.26,803
10,1487665563000,566,true,tuesday,false,false,false,true,93.0,951.06,,,-1.26,803
9,1487666431000,580,false,tuesday,false,false,false,true,93.0,951.06,,,-1.26,803
15,1487666839000,587,false,tuesday,false,false,false,true,93.0,951.06,,,-1.26,803
36,1487667736000,602,false,tuesday,false,false,false,true,93.0,951.06,,,-1.26,803
40,1487669413000,630,false,tuesday,false,false,false,true,93.0,951.06,,,-1.26,803
39,1487671224000,660,false,tuesday,false,false,false,true,93.0,951.06,,,-1.26,803
48,1487672818000,686,false,tuesday,false,false,false,true,76.0,1024.0,,,10.63,803
42,1487675055000,724,false,tuesday,false,false,false,true,76.0,1024.0,,,10.63,803
42,1487676676000,751,false,tuesday,false,false,false,true,76.0,1024.0,,,10.63,803
31,1487678419000,780,false,tuesday,false,false,false,true,76.0,1024.0,,,10.63,803
44,1487680139000,808,false,tuesday,false,false,false,true,76.0,1024.0,,,10.63,803
40,1487680173000,809,false,tuesday,false,false,false,true,76.0,1024.0,,,10.63,803
40,1487680174000,809,false,tuesday,false,false,false,true,76.0,1024.0,,,10.63,803
36,1487682073000,841,false,tuesday,false,false,false,true,76.0,1024.0,,,10.63,803
40,1487680173000,809,false,tuesday,false,false,false,true,76.0,1024.0,,,10.63,803
38,1487683950000,872,false,tuesday,false,false,false,true,76.0,1024.0,,,10.63,803
40,1487685540000,899,false,tuesday,false,false,false,true,76.0,1024.0,,,10.63,803
34,1487687343000,929,false,tuesday,false,false,false,true,76.0,1024.0,,,10.63,803
43,1487689192000,959,false,tuesday,false,false,false,true,66.0,1022.0,,,12.78,521
42,1487690866000,987,false,tuesday,false,false,false,true,66.0,1022.0,,,12.78,521
32,1487691799000,1003,false,tuesday,false,false,false,true,66.0,1022.0,,,12.78,521
35,1487692665000,1017,false,tuesday,false,false,false,true,66.0,1022.0,,,12.78,521
32,1487692697000,1018,false,tuesday,false,false,false,true,66.0,1022.0,,,12.78,521
41,1487693630000,1033,false,tuesday,false,false,false,true,66.0,1022.0,,,12.78,521
37,1487694495000,1048,false,tuesday,false,false,false,true,66.0,1022.0,,,12.78,521
38,1487695376000,1062,false,tuesday,false,false,false,true,66.0,1022.0,,,12.78,521
37,1487696273000,1077,false,tuesday,false,false,false,true,66.0,1022.0,,,12.78,521
35,1487697167000,1092,false,tuesday,false,false,false,true,66.0,1022.0,,,12.78,521
40,1487698210000,1110,false,tuesday,false,false,false,true,66.0,1022.0,,,12.78,521
41,1487698970000,1122,false,tuesday,false,false,false,true,66.0,1022.0,,,12.78,521
33,1487699950000,1139,false,tuesday,false,false,false,true,66.0,1022.0,,,12.78,521
35,1487700882000,1154,false,tuesday,false,false,false,true,66.0,1022.0,,,12.78,521
34,1487701796000,1169,false,tuesday,false,false,false,true,66.0,1022.0,,,12.78,521
41,1487703007000,1190,false,tuesday,false,false,false,true,81.0,1022.0,,,10.55,802
36,1487707096000,1258,false,tuesday,false,false,false,true,81.0,1022.0,,,10.55,802
37,1487710771000,1319,false,tuesday,false,false,false,true,81.0,1022.0,,,10.55,802
48,1487714330000,1378,false,tuesday,false,false,false,true,81.0,1022.0,,,10.55,802
37,1487718011000,0,false,wednesday,false,false,false,true,93.0,1022.0,,,7.33,804
38,1487738817000,346,false,wednesday,false,false,false,true,93.0,1021.0,,,8.0,804
42,1487740693000,378,false,wednesday,false,false,false,true,93.0,1021.0,,,8.0,804
31,1487742760000,412,false,wednesday,false,false,false,true,93.0,1021.0,,,8.0,804
27,1487744312000,438,true,wednesday,false,false,false,true,93.0,1021.0,,,8.0,804
23,1487745409000,456,true,wednesday,false,false,false,true,93.0,1021.0,,,8.0,804
25,1487746308000,471,true,wednesday,false,false,false,true,93.0,1021.0,,,8.0,804
27,1487747201000,486,true,wednesday,false,false,false,true,93.0,1021.0,,,8.0,804
26,1487748169000,502,true,wednesday,false,false,false,true,93.0,1021.0,,,8.0,804
26,1487749106000,518,true,wednesday,false,false,false,true,93.0,1021.0,,,8.0,804
26,1487750076000,534,true,wednesday,false,false,false,true,93.0,1021.0,,,8.0,804
34,1487750898000,548,true,wednesday,false,false,false,true,76.0,1021.0,,,8.5,803
45,1487751871000,564,true,wednesday,false,false,false,true,76.0,1021.0,,,8.5,803
37,1487752737000,578,false,wednesday,false,false,false,true,76.0,1021.0,,,8.5,803
32,1487754252000,604,false,wednesday,false,false,false,true,76.0,1021.0,,,8.5,803
38,1487755753000,629,false,wednesday,false,false,false,true,76.0,1021.0,,,8.5,803
37,1487763014000,750,false,wednesday,false,false,false,true,76.0,1021.0,,,8.5,803
36,1487764854000,780,false,wednesday,false,false,false,true,76.0,1021.0,,,8.5,803
42,1487766679000,811,false,wednesday,false,false,false,true,76.0,1021.0,,,8.5,803
32,1487768473000,841,false,wednesday,false,false,false,true,76.0,1021.0,,,8.5,803
42,1487766680000,811,false,wednesday,false,false,false,true,76.0,1021.0,,,8.5,803
42,1487766679000,811,false,wednesday,false,false,false,true,76.0,1021.0,,,8.5,803
42,1487770107000,868,false,wednesday,false,false,false,true,76.0,1021.0,,,8.5,803
32,1487772078000,901,false,wednesday,false,false,false,true,50.0,1019.0,,,14.5,803
36,1487773740000,929,false,wednesday,false,false,false,true,50.0,1019.0,,,14.5,803
32,1487775600000,960,false,wednesday,false,false,false,true,50.0,1019.0,,,14.5,803
44,1487777242000,987,false,wednesday,false,false,false,true,50.0,1019.0,,,14.5,803
33,1487778199000,1003,false,wednesday,false,false,false,true,50.0,1019.0,,,14.5,803
39,1487779150000,1019,false,wednesday,false,false,false,true,50.0,1019.0,,,14.5,803
42,1487779998000,1033,false,wednesday,false,false,false,true,50.0,1019.0,,,14.5,803
39,1487780923000,1048,false,wednesday,false,false,false,true,50.0,1019.0,,,14.5,803
40,1487781778000,1062,false,wednesday,false,false,false,true,50.0,1019.0,,,14.5,803
37,1487781798000,1063,false,wednesday,false,false,false,true,50.0,1019.0,,,14.5,803
36,1487782668000,1077,false,wednesday,false,false,false,true,50.0,1019.0,,,14.5,803
37,1487783541000,1092,false,wednesday,false,false,false,true,50.0,1019.0,,,14.5,803
29,1487785562000,1126,false,wednesday,false,false,false,true,50.0,1019.0,,,14.5,803
7,1487786299000,1138,false,wednesday,false,false,false,true,50.0,1019.0,,,14.5,803
36,1487786361000,1139,false,wednesday,false,false,false,true,50.0,1019.0,,,14.5,803
39,1487787319000,1155,false,wednesday,false,false,false,true,58.0,1018.0,,,10.96,800
38,1487788090000,1168,false,wednesday,false,false,false,true,58.0,1018.0,,,10.96,800
41,1487789456000,1190,false,wednesday,false,false,false,true,58.0,1018.0,,,10.96,800
40,1487793253000,1254,false,wednesday,false,false,false,true,58.0,1018.0,,,10.96,800
37,1487793275000,1254,false,wednesday,false,false,false,true,58.0,1018.0,,,10.96,800
56,1487800735000,1378,false,wednesday,false,false,false,true,58.0,1018.0,,,10.96,800
56,1487800736000,1378,false,wednesday,false,false,false,true,58.0,1018.0,,,10.96,800
56,1487800735000,1378,false,wednesday,false,false,false,true,58.0,1018.0,,,10.96,800
56,1487807920000,58,false,thursday,false,false,false,true,81.0,1018.0,,,6.75,800
42,1487825215000,346,false,thursday,false,false,false,true,93.0,1016.0,,,3.53,800
43,1487827035000,377,false,thursday,false,false,false,true,93.0,1016.0,,,3.53,800
22,1487829227000,413,false,thursday,false,false,false,true,93.0,1016.0,,,3.53,800
23,1487830758000,439,true,thursday,false,false,false,true,93.0,1016.0,,,3.53,800
20,1487832023000,460,true,thursday,false,false,false,true,93.0,1016.0,,,3.53,800
26,1487832669000,471,true,thursday,false,false,false,true,93.0,1016.0,,,3.53,800
25,1487832694000,471,true,thursday,false,false,false,true,93.0,1016.0,,,3.53,800
27,1487833615000,486,true,thursday,false,false,false,true,86.0,1014.0,,,3.3,802
20,1487834876000,507,true,thursday,false,false,false,true,86.0,1014.0,,,3.3,802
25,1487835555000,519,true,thursday,false,false,false,true,86.0,1014.0,,,3.3,802
27,1487836455000,534,true,thursday,false,false,false,true,86.0,1014.0,,,3.3,802
32,1487837291000,548,true,thursday,false,false,false,true,86.0,1014.0,,,3.3,802
40,1487838154000,562,true,thursday,false,false,false,true,86.0,1014.0,,,3.3,802
40,1487840365000,599,false,thursday,false,false,false,true,86.0,1014.0,,,3.3,802
37,1487842246000,630,false,thursday,false,false,false,true,86.0,1014.0,,,3.3,802
42,1487844016000,660,false,thursday,false,false,false,true,86.0,1014.0,,,3.3,802
39,1487845813000,690,false,thursday,false,false,false,true,86.0,1014.0,,,3.3,802
36,1487847560000,719,false,thursday,false,false,false,true,86.0,1014.0,,,3.3,802
35,1487849325000,748,false,thursday,false,false,false,true,86.0,1014.0,,,3.3,802
32,1487851184000,779,false,thursday,false,false,false,true,86.0,1014.0,,,3.3,802
40,1487853014000,810,false,thursday,false,false,false,true,27.0,1011.0,,,17.26,800
37,1487854813000,840,false,thursday,false,false,false,true,27.0,1011.0,,,17.26,800
37,1487856663000,871,false,thursday,false,false,false,true,27.0,1011.0,,,17.26,800
36,1487858344000,899,false,thursday,false,false,false,true,27.0,1011.0,,,17.26,800
35,1487860102000,928,false,thursday,false,false,false,true,27.0,1011.0,,,17.26,800
45,1487862036000,960,false,thursday,false,false,false,true,27.0,1011.0,,,17.26,800
49,1487863822000,990,false,thursday,false,false,false,true,27.0,1011.0,,,17.26,800
37,1487864530000,1002,false,thursday,false,false,false,true,27.0,1011.0,,,17.26,800
31,1487865479000,1017,false,thursday,false,false,false,true,27.0,1011.0,,,17.26,800
37,1487866424000,1033,false,thursday,false,false,false,true,27.0,1008.0,,,17.77,800
32,1487867474000,1051,false,thursday,false,false,false,true,27.0,1008.0,,,17.77,800
35,1487868162000,1062,false,thursday,false,false,false,true,27.0,1008.0,,,17.77,800
45,1487868987000,1076,false,thursday,false,false,false,true,27.0,1008.0,,,17.77,800
36,1487869067000,1077,false,thursday,false,false,false,true,27.0,1008.0,,,17.77,800
37,1487870092000,1094,false,thursday,false,false,false,true,27.0,1008.0,,,17.77,800
38,1487870896000,1108,false,thursday,false,false,false,true,27.0,1008.0,,,17.77,800
34,1487871831000,1123,false,thursday,false,false,false,true,27.0,1008.0,,,17.77,800
43,1487872622000,1137,false,thursday,false,false,false,true,27.0,1008.0,,,17.77,800
32,1487872724000,1138,false,thursday,false,false,false,true,27.0,1008.0,,,17.77,800
40,1487873689000,1154,false,thursday,false,false,false,true,27.0,1008.0,,,17.77,800
33,1487874621000,1170,false,thursday,false,false,false,true,27.0,1008.0,,,17.77,800
42,1487875766000,1189,false,thursday,false,false,false,true,27.0,1008.0,,,17.77,800
42,1487879855000,1257,false,thursday,false,false,false,true,27.0,1008.0,,,17.77,800
45,1487883520000,1318,false,thursday,false,false,false,true,41.0,1009.0,,,15.03,800
45,1487887069000,1377,false,thursday,false,false,false,true,41.0,1009.0,,,15.03,800
37,1487887129000,1378,false,thursday,false,false,false,true,41.0,1009.0,,,15.03,800
38,1487890818000,0,false,friday,false,false,false,true,41.0,1009.0,,,15.03,800
42,1487911668000,347,false,friday,false,false,false,true,61.0,1011.0,,,7.98,520
42,1487913439000,377,false,friday,false,false,false,true,61.0,1011.0,,,7.98,520
25,1487915630000,413,false,friday,false,false,false,true,61.0,1011.0,,,7.98,520
25,1487917210000,440,true,friday,false,false,false,true,61.0,1011.0,,,7.98,520
23,1487918238000,457,true,friday,false,false,false,true,61.0,1011.0,,,7.98,520
23,1487919175000,472,true,friday,false,false,false,true,61.0,1011.0,,,7.98,520
30,1487919940000,485,true,friday,false,false,false,true,61.0,1011.0,,,7.98,520
23,1487921082000,504,true,friday,false,false,false,true,61.0,1011.0,,,7.98,520
23,1487921083000,504,true,friday,false,false,false,true,61.0,1011.0,,,7.98,520
31,1487921901000,518,true,friday,false,false,false,true,61.0,1011.0,,,7.98,520
23,1487921082000,504,true,friday,false,false,false,true,61.0,1011.0,,,7.98,520
39,1487922715000,531,true,friday,false,false,false,true,61.0,1011.0,,,7.98,520
34,1487922759000,532,true,friday,false,false,false,true,61.0,1011.0,,,7.98,520
31,1487923762000,549,true,friday,false,false,false,true,45.0,1013.0,,,7.0,803
37,1487924653000,564,true,friday,false,false,false,true,45.0,1013.0,,,7.0,803
34,1487925560000,579,false,friday,false,false,false,true,45.0,1013.0,,,7.0,803
40,1487926727000,598,false,friday,false,false,false,true,45.0,1013.0,,,7.0,803
36,1487928619000,630,false,friday,false,false,false,true,45.0,1013.0,,,7.0,803
42,1487930384000,659,false,friday,false,false,false,true,45.0,1013.0,,,7.0,803
41,1487932152000,689,false,friday,false,false,false,true,45.0,1013.0,,,7.0,803
38,1487933942000,719,false,friday,false,false,false,true,45.0,1013.0,,,7.0,803
36,1487935787000,749,false,friday,false,false,false,true,45.0,1013.0,,,7.0,803
32,1487937705000,781,false,friday,false,false,false,true,42.0,1014.0,,,9.25,803
42,1487939353000,809,false,friday,false,false,false,true,42.0,1014.0,,,9.25,803
32,1487941105000,838,false,friday,false,false,false,true,42.0,1014.0,,,9.25,803
42,1487943320000,875,false,friday,false,false,false,true,42.0,1014.0,,,9.25,803
34,1487944788000,899,false,friday,false,false,false,true,42.0,1014.0,,,9.25,803
42,1487946515000,928,false,friday,false,false,false,true,42.0,1014.0,,,9.25,803
27,1487948413000,960,false,friday,false,false,false,true,42.0,1014.0,,,9.25,803
48,1487950065000,987,false,friday,false,false,false,true,42.0,1014.0,,,9.25,803
31,1487950992000,1003,false,friday,false,false,false,true,42.0,1014.0,,,9.25,803
37,1487951960000,1019,false,friday,false,false,false,true,42.0,1014.0,,,9.25,803
36,1487952780000,1033,false,friday,false,false,false,true,48.0,1015.0,,,8.02,803
40,1487953790000,1049,false,friday,false,false,false,true,48.0,1015.0,,,8.02,803
37,1487954668000,1064,false,friday,false,false,false,true,48.0,1015.0,,,8.02,803
31,1487955536000,1078,false,friday,false,false,false,true,48.0,1015.0,,,8.02,803
40,1487956430000,1093,false,friday,false,false,false,true,48.0,1015.0,,,8.02,803
27,1487957364000,1109,false,friday,false,false,false,true,48.0,1015.0,,,8.02,803
37,1487958217000,1123,false,friday,false,false,false,true,48.0,1015.0,,,8.02,803
36,1487959144000,1139,false,friday,false,false,false,true,48.0,1015.0,,,8.02,803
34,1487960131000,1155,false,friday,false,false,false,true,48.0,1015.0,,,8.02,803
37,1487961074000,1171,false,friday,false,false,false,true,48.0,1015.0,,,8.02,803
41,1487962250000,1190,false,friday,false,false,false,true,48.0,1015.0,,,8.02,803
40,1487966200000,1256,false,friday,false,false,false,true,48.0,1015.0,,,8.02,803
43,1487969932000,1318,false,friday,false,false,false,true,60.0,1018.0,,,5.02,802
52,1487973432000,1377,false,friday,false,false,false,true,60.0,1018.0,,,5.02,802
36,1487973551000,1379,false,friday,false,false,false,true,60.0,1018.0,,,5.02,802
40,1487977295000,1,false,saturday,false,false,false,true,60.0,1018.0,,,5.02,802
37,1488038288000,1018,false,saturday,false,false,false,true,56.0,1021.0,,,8.28,803
40,1488040788000,1059,false,saturday,false,false,false,true,45.0,1020.0,,,9.5,800
37,1488043579000,1106,false,saturday,false,false,false,true,45.0,1020.0,,,9.5,800
34,1488046321000,1152,false,saturday,false,false,false,true,45.0,1020.0,,,9.5,800
37,1488048997000,1196,false,saturday,false,false,false,true,45.0,1020.0,,,9.5,800
37,1488052629000,1257,false,saturday,false,false,false,true,45.0,1020.0,,,9.5,800
38,1488053506000,1271,false,saturday,false,false,false,true,69.0,1020.0,,,2.99,800
42,1488056261000,1317,false,saturday,false,false,false,true,69.0,1020.0,,,2.99,800
41,1488060037000,1380,false,saturday,false,false,false,true,69.0,1020.0,,,2.99,800
45,1488063641000,0,false,sunday,false,false,false,true,69.0,1020.0,,,2.99,800
40,1488091658000,467,true,sunday,false,false,false,true,92.0,1020.0,,,-1.25,801
37,1488095251000,527,true,sunday,false,false,false,true,92.0,1020.0,,,-1.25,801
42,1488099012000,590,false,sunday,false,false,false,true,74.0,1020.0,,,2.23,800
40,1488099033000,590,false,sunday,false,false,false,true,74.0,1020.0,,,2.23,800
48,1488102558000,649,false,sunday,false,false,false,true,74.0,1020.0,,,2.23,800
42,1488106172000,709,false,sunday,false,false,false,true,74.0,1020.0,,,2.23,800
42,1488110033000,773,false,sunday,false,false,false,true,74.0,1020.0,,,2.23,800
42,1488113538000,832,false,sunday,false,false,false,true,40.0,1019.0,,,11.99,800
42,1488113539000,832,false,sunday,false,false,false,true,40.0,1019.0,,,11.99,800
42,1488113538000,832,false,sunday,false,false,false,true,40.0,1019.0,,,11.99,800
42,1488116721000,885,false,sunday,false,false,false,true,40.0,1019.0,,,11.99,800
48,1488120267000,944,false,sunday,false,false,false,true,40.0,1019.0,,,11.99,800
40,1488124153000,1009,false,sunday,false,false,false,true,40.0,1019.0,,,11.99,800
48,1488127527000,1065,false,sunday,false,false,false,true,30.0,1016.0,,,13.97,800
45,1488131417000,1130,false,sunday,false,false,false,true,30.0,1016.0,,,13.97,800
42,1488135212000,1193,false,sunday,false,false,false,true,30.0,1016.0,,,13.97,800
40,1488138919000,1255,false,sunday,false,false,false,true,30.0,1016.0,,,13.97,800
42,1488142707000,1318,false,sunday,false,false,false,true,86.0,1016.0,,,5.96,800
37,1488146411000,1380,false,sunday,false,false,false,true,86.0,1016.0,,,5.96,800
48,1488150127000,2,false,monday,false,false,false,true,86.0,1016.0,,,5.96,800
43,1488170958000,349,false,monday,false,false,false,true,74.0,1014.0,,,0.59,800
42,1488172633000,377,false,monday,false,false,false,true,74.0,1014.0,,,0.59,800
42,1488172634000,377,false,monday,false,false,false,true,74.0,1014.0,,,0.59,800
42,1488172633000,377,false,monday,false,false,false,true,74.0,1014.0,,,0.59,800
36,1488174617000,410,false,monday,false,false,false,true,74.0,1014.0,,,0.59,800
30,1488174700000,411,false,monday,false,false,false,true,74.0,1014.0,,,0.59,800
29,1488176243000,437,true,monday,false,false,false,true,74.0,1014.0,,,0.59,800
23,1488177398000,456,true,monday,false,false,false,true,74.0,1014.0,,,0.59,800
21,1488178389000,473,true,monday,false,false,false,true,74.0,1014.0,,,0.59,800
29,1488179238000,487,true,monday,false,false,false,true,74.0,1014.0,,,0.59,800
31,1488180184000,503,true,monday,false,false,false,true,74.0,1014.0,,,0.59,800
31,1488181096000,518,true,monday,false,false,false,true,74.0,1014.0,,,0.59,800
35,1488181933000,532,true,monday,false,false,false,true,74.0,1014.0,,,0.59,800
32,1488181969000,532,true,monday,false,false,false,true,74.0,1014.0,,,0.59,800
42,1488182837000,547,true,monday,false,false,false,true,74.0,1012.0,,,3.23,801
45,1488183758000,562,true,monday,false,false,false,true,74.0,1012.0,,,3.23,801
34,1488183856000,564,true,monday,false,false,false,true,74.0,1012.0,,,3.23,801
42,1488184610000,576,false,monday,false,false,false,true,74.0,1012.0,,,3.23,801
37,1488185974000,599,false,monday,false,false,false,true,74.0,1012.0,,,3.23,801
37,1488187784000,629,false,monday,false,false,false,true,74.0,1012.0,,,3.23,801
37,1488189525000,658,false,monday,false,false,false,true,74.0,1012.0,,,3.23,801
48,1488191382000,689,false,monday,false,false,false,true,74.0,1012.0,,,3.23,801
37,1488193212000,720,false,monday,false,false,false,true,74.0,1012.0,,,3.23,801
38,1488194933000,748,false,monday,false,false,false,true,74.0,1012.0,,,3.23,801
36,1488196763000,779,false,monday,false,false,false,true,74.0,1012.0,,,3.23,801
35,1488198515000,808,false,monday,false,false,false,true,44.0,1009.0,,,14.0,803
35,1488198516000,808,false,monday,false,false,false,true,44.0,1009.0,,,14.0,803
35,1488198515000,808,false,monday,false,false,false,true,44.0,1009.0,,,14.0,803
34,1488200393000,839,false,monday,false,false,false,true,44.0,1009.0,,,14.0,803
45,1488202187000,869,false,monday,false,false,false,true,44.0,1009.0,,,14.0,803
36,1488203977000,899,false,monday,false,false,false,true,44.0,1009.0,,,14.0,803
42,1488205719000,928,false,monday,false,false,false,true,44.0,1009.0,,,14.0,803
34,1488207534000,958,false,monday,false,false,false,true,44.0,1009.0,,,14.0,803
36,1488209333000,988,false,monday,false,false,false,true,44.0,1009.0,,,14.0,803
31,1488210294000,1004,false,monday,false,false,false,true,44.0,1009.0,,,14.0,803
42,1488211028000,1017,false,monday,false,false,false,true,44.0,1009.0,,,14.0,803
37,1488212024000,1033,false,monday,false,false,false,true,41.0,1005.0,,,15.27,803
33,1488212895000,1048,false,monday,false,false,false,true,41.0,1005.0,,,15.27,803
38,1488213819000,1063,false,monday,false,false,false,true,41.0,1005.0,,,15.27,803
34,1488214666000,1077,false,monday,false,false,false,true,41.0,1005.0,,,15.27,803
32,1488215744000,1095,false,monday,false,false,false,true,41.0,1005.0,,,15.27,803
38,1488216473000,1107,false,monday,false,false,false,true,41.0,1005.0,,,15.27,803
38,1488217471000,1124,false,monday,false,false,false,true,41.0,1005.0,,,15.27,803
36,1488218475000,1141,false,monday,false,false,false,true,41.0,1005.0,,,15.27,803
40,1488219354000,1155,false,monday,false,false,false,true,41.0,1005.0,,,15.27,803
40,1488219355000,1155,false,monday,false,false,false,true,41.0,1005.0,,,15.27,803
49,1488220062000,1167,false,monday,false,false,false,true,41.0,1005.0,,,15.27,803
40,1488219354000,1155,false,monday,false,false,false,true,41.0,1005.0,,,15.27,803
45,1488220088000,1168,false,monday,false,false,false,true,41.0,1005.0,,,15.27,803
36,1488221517000,1191,false,monday,false,false,false,true,41.0,1005.0,,,15.27,803
42,1488225204000,1253,false,monday,false,false,false,true,41.0,1005.0,,,15.27,803
48,1488229061000,1317,false,monday,false,false,false,true,50.0,1005.0,,,12.02,803
48,1488232713000,1378,false,monday,false,false,false,true,50.0,1005.0,,,12.02,803
42,1488232751000,1379,false,monday,false,false,false,true,50.0,1005.0,,,12.02,803
44,1488236461000,1,false,tuesday,false,false,false,true,50.0,1005.0,,,12.02,803
46,1488257307000,348,false,tuesday,false,false,false,true,87.0,1002.0,,,7.52,502
39,1488259063000,377,false,tuesday,false,false,false,true,87.0,1002.0,,,7.52,502
39,1488259064000,377,false,tuesday,false,false,false,true,87.0,1002.0,,,7.52,502
39,1488259063000,377,false,tuesday,false,false,false,true,87.0,1002.0,,,7.52,502
21,1488261421000,417,false,tuesday,false,false,false,true,87.0,1002.0,,,7.52,502
18,1488262903000,441,true,tuesday,false,false,false,true,87.0,1002.0,,,7.52,502
16,1488264313000,465,true,tuesday,false,false,false,true,87.0,1002.0,,,7.52,502
18,1488262904000,441,true,tuesday,false,false,false,true,87.0,1002.0,,,7.52,502
15,1488265095000,478,true,tuesday,false,false,false,true,87.0,1002.0,,,7.52,502
18,1488262903000,441,true,tuesday,false,false,false,true,87.0,1002.0,,,7.52,502
20,1488266617000,503,true,tuesday,false,false,false,true,87.0,1002.0,,,7.52,502
20,1488267583000,519,true,tuesday,false,false,false,true,87.0,1002.0,,,7.52,502
17,1488268762000,539,true,tuesday,false,false,false,true,87.0,1002.0,,,7.52,502
26,1488269223000,547,true,tuesday,false,false,false,true,76.0,1002.0,,,7.47,500
36,1488269701000,555,true,tuesday,false,false,false,true,76.0,1002.0,,,7.47,500
38,1488271137000,578,false,tuesday,false,false,false,true,76.0,1002.0,,,7.47,500
42,1488272672000,604,false,tuesday,false,false,false,true,76.0,1002.0,,,7.47,500
36,1488274183000,629,false,tuesday,false,false,false,true,76.0,1002.0,,,7.47,500
34,1488276095000,661,false,tuesday,false,false,false,true,76.0,1002.0,,,7.47,500
34,1488277813000,690,false,tuesday,false,false,false,true,76.0,1002.0,,,7.47,500
37,1488279543000,719,false,tuesday,false,false,false,true,76.0,1002.0,,,7.47,500
36,1488281332000,748,false,tuesday,false,false,false,true,76.0,1002.0,,,7.47,500
42,1488283424000,783,false,tuesday,false,false,false,true,53.0,998.0,,,9.97,500
35,1488284950000,809,false,tuesday,false,false,false,true,53.0,998.0,,,9.97,500
37,1488286824000,840,false,tuesday,false,false,false,true,53.0,998.0,,,9.97,500
37,1488286825000,840,false,tuesday,false,false,false,true,53.0,998.0,,,9.97,500
40,1488288587000,869,false,tuesday,false,false,false,true,53.0,998.0,,,9.97,500
37,1488286824000,840,false,tuesday,false,false,false,true,53.0,998.0,,,9.97,500
37,1488290390000,899,false,tuesday,false,false,false,true,53.0,998.0,,,9.97,500
45,1488292083000,928,false,tuesday,false,false,false,true,53.0,998.0,,,9.97,500
40,1488293890000,958,false,tuesday,false,false,false,true,53.0,998.0,,,9.97,500
34,1488293951000,959,false,tuesday,false,false,false,true,53.0,998.0,,,9.97,500
43,1488295622000,987,false,tuesday,false,false,false,true,53.0,998.0,,,9.97,500
43,1488295623000,987,false,tuesday,false,false,false,true,53.0,998.0,,,9.97,500
43,1488295622000,987,false,tuesday,false,false,false,true,53.0,998.0,,,9.97,500
38,1488296637000,1003,false,tuesday,false,false,false,true,53.0,998.0,,,9.97,500
32,1488297504000,1018,false,tuesday,false,false,false,true,53.0,998.0,,,9.97,500
35,1488298369000,1032,false,tuesday,false,false,false,true,70.0,1001.0,,,6.5,501
36,1488299305000,1048,false,tuesday,false,false,false,true,70.0,1001.0,,,6.5,501
36,1488300230000,1063,false,tuesday,false,false,false,true,70.0,1001.0,,,6.5,501
36,1488301194000,1079,false,tuesday,false,false,false,true,70.0,1001.0,,,6.5,501
44,1488301844000,1090,false,tuesday,false,false,false,true,70.0,1001.0,,,6.5,501
29,1488301996000,1093,false,tuesday,false,false,false,true,70.0,1001.0,,,6.5,501
37,1488303830000,1123,false,tuesday,false,false,false,true,70.0,1001.0,,,6.5,501
45,1488304627000,1137,false,tuesday,false,false,false,true,70.0,1001.0,,,6.5,501
30,1488305956000,1159,false,tuesday,false,false,false,true,70.0,1001.0,,,6.5,501
32,1488306548000,1169,false,tuesday,false,false,false,true,70.0,1001.0,,,6.5,501
36,1488307895000,1191,false,tuesday,false,false,false,true,70.0,1001.0,,,6.5,501
38,1488311617000,1253,false,tuesday,false,false,false,true,70.0,1001.0,,,6.5,501
38,1488311618000,1253,false,tuesday,false,false,false,true,70.0,1001.0,,,6.5,501
38,1488311617000,1253,false,tuesday,false,false,false,true,70.0,1001.0,,,6.5,501
43,1488315430000,1317,false,tuesday,false,false,false,true,75.0,1006.0,,,5.52,803
30,1488319434000,1383,false,tuesday,false,false,false,true,75.0,1006.0,,,5.52,803
39,1488322821000,0,false,wednesday,false,false,false,true,75.0,1006.0,,,5.52,803
44,1488343687000,348,false,wednesday,false,false,false,true,86.0,1012.0,,,3.53,520
48,1488345442000,377,false,wednesday,false,false,false,true,86.0,1012.0,,,3.53,520
34,1488347427000,410,false,wednesday,false,false,false,true,86.0,1012.0,,,3.53,520
29,1488347486000,411,false,wednesday,false,false,false,true,86.0,1012.0,,,3.53,520
23,1488349234000,440,true,wednesday,false,false,false,true,86.0,1012.0,,,3.53,520
29,1488347487000,411,false,wednesday,false,false,false,true,86.0,1012.0,,,3.53,520
21,1488350352000,459,true,wednesday,false,false,false,true,86.0,1012.0,,,3.53,520
29,1488347486000,411,false,wednesday,false,false,false,true,86.0,1012.0,,,3.53,520
21,1488350353000,459,true,wednesday,false,false,false,true,86.0,1012.0,,,3.53,520
19,1488351377000,476,true,wednesday,false,false,false,true,86.0,1012.0,,,3.53,520
21,1488350352000,459,true,wednesday,false,false,false,true,86.0,1012.0,,,3.53,520
23,1488352126000,488,true,wednesday,false,false,false,true,86.0,1012.0,,,3.53,520
25,1488353105000,505,true,wednesday,false,false,false,true,86.0,1012.0,,,3.53,520
28,1488354115000,521,true,wednesday,false,false,false,true,86.0,1012.0,,,3.53,520
36,1488354745000,532,true,wednesday,false,false,false,true,86.0,1012.0,,,3.53,520
25,1488354906000,535,true,wednesday,false,false,false,true,86.0,1012.0,,,3.53,520
40,1488355707000,548,true,wednesday,false,false,false,true,80.0,1014.0,,,3.77,520
37,1488356660000,564,true,wednesday,false,false,false,true,80.0,1014.0,,,3.77,520
35,1488357547000,579,false,wednesday,false,false,false,true,80.0,1014.0,,,3.77,520
38,1488358889000,601,false,wednesday,false,false,false,true,80.0,1014.0,,,3.77,520
38,1488360696000,631,false,wednesday,false,false,false,true,80.0,1014.0,,,3.77,520
34,1488362362000,659,false,wednesday,false,false,false,true,80.0,1014.0,,,3.77,520
34,1488364214000,690,false,wednesday,false,false,false,true,80.0,1014.0,,,3.77,520
35,1488366068000,721,false,wednesday,false,false,false,true,80.0,1014.0,,,3.77,520
39,1488367751000,749,false,wednesday,false,false,false,true,80.0,1014.0,,,3.77,520
37,1488369586000,779,false,wednesday,false,false,false,true,80.0,1014.0,,,3.77,520
40,1488371325000,808,false,wednesday,false,false,false,true,81.0,1015.0,,,6.27,520
22,1488373427000,843,false,wednesday,false,false,false,true,81.0,1015.0,,,6.27,520
22,1488373451000,844,false,wednesday,false,false,false,true,81.0,1015.0,,,6.27,520
21,1488375295000,874,false,wednesday,false,false,false,true,81.0,1015.0,,,6.27,520
34,1488376766000,899,false,wednesday,false,false,false,true,81.0,1015.0,,,6.27,520
40,1488378534000,928,false,wednesday,false,false,false,true,81.0,1015.0,,,6.27,520
42,1488380425000,960,false,wednesday,false,false,false,true,81.0,1015.0,,,6.27,520
36,1488382024000,987,false,wednesday,false,false,false,true,81.0,1015.0,,,6.27,520
42,1488383003000,1003,false,wednesday,false,false,false,true,81.0,1015.0,,,6.27,520
42,1488383811000,1016,false,wednesday,false,false,false,true,81.0,1015.0,,,6.27,520
29,1488384875000,1034,false,wednesday,false,false,false,true,75.0,1014.0,,,7.01,501
34,1488385793000,1049,false,wednesday,false,false,false,true,75.0,1014.0,,,7.01,501
38,1488386527000,1062,false,wednesday,false,false,false,true,75.0,1014.0,,,7.01,501
36,1488387596000,1079,false,wednesday,false,false,false,true,75.0,1014.0,,,7.01,501
35,1488388502000,1095,false,wednesday,false,false,false,true,75.0,1014.0,,,7.01,501
32,1488389317000,1108,false,wednesday,false,false,false,true,75.0,1014.0,,,7.01,501
34,1488390225000,1123,false,wednesday,false,false,false,true,75.0,1014.0,,,7.01,501
32,1488391102000,1138,false,wednesday,false,false,false,true,75.0,1014.0,,,7.01,501
40,1488392123000,1155,false,wednesday,false,false,false,true,75.0,1014.0,,,7.01,501
40,1488392911000,1168,false,wednesday,false,false,false,true,75.0,1014.0,,,7.01,501
40,1488394343000,1192,false,wednesday,false,false,false,true,75.0,1014.0,,,7.01,501
40,1488398079000,1254,false,wednesday,false,false,false,true,75.0,1014.0,,,7.01,501
37,1488401947000,1319,false,wednesday,false,false,false,true,93.0,1015.0,,,6.01,500
40,1488405803000,1383,false,wednesday,false,false,false,true,93.0,1015.0,,,6.01,500
44,1488409217000,0,false,thursday,false,false,false,true,93.0,1015.0,,,6.01,500
48,1488430012000,346,false,thursday,false,false,false,true,93.0,1015.0,,,7.26,500
45,1488431863000,377,false,thursday,false,false,false,true,93.0,1015.0,,,7.26,500
27,1488433956000,412,false,thursday,false,false,false,true,93.0,1015.0,,,7.26,500
20,1488435768000,442,true,thursday,false,false,false,true,93.0,1015.0,,,7.26,500
17,1488436869000,461,true,thursday,false,false,false,true,93.0,1015.0,,,7.26,500
16,1488436888000,461,true,thursday,false,false,false,true,93.0,1015.0,,,7.26,500
22,1488437603000,473,true,thursday,false,false,false,true,93.0,1015.0,,,7.26,500
23,1488438512000,488,true,thursday,false,false,false,true,93.0,1015.0,,,7.26,500
21,1488439563000,506,true,thursday,false,false,false,true,93.0,1015.0,,,7.26,500
22,1488440925000,528,true,thursday,false,false,false,true,93.0,1015.0,,,7.26,500
27,1488441558000,539,true,thursday,false,false,false,true,93.0,1015.0,,,7.26,500
25,1488442256000,550,true,thursday,false,false,false,true,93.0,1017.0,,,7.25,501
27,1488441559000,539,true,thursday,false,false,false,true,93.0,1015.0,,,7.26,500
27,1488441558000,539,true,thursday,false,false,false,true,93.0,1015.0,,,7.26,500
38,1488443036000,563,true,thursday,false,false,false,true,93.0,1017.0,,,7.25,501
43,1488443817000,576,false,thursday,false,false,false,true,93.0,1017.0,,,7.25,501
47,1488445308000,601,false,thursday,false,false,false,true,93.0,1017.0,,,7.25,501
39,1488447004000,630,false,thursday,false,false,false,true,93.0,1017.0,,,7.25,501
36,1488448905000,661,false,thursday,false,false,false,true,93.0,1017.0,,,7.25,501
42,1488450488000,688,false,thursday,false,false,false,true,93.0,1017.0,,,7.25,501
32,1488452353000,719,false,thursday,false,false,false,true,93.0,1017.0,,,7.25,501
38,1488454108000,748,false,thursday,false,false,false,true,93.0,1017.0,,,7.25,501
42,1488455983000,779,false,thursday,false,false,false,true,93.0,1017.0,,,7.25,501
37,1488457734000,808,false,thursday,false,false,false,true,66.0,1019.0,,,9.01,500
27,1488459745000,842,false,thursday,false,false,false,true,66.0,1019.0,,,9.01,500
29,1488461443000,870,false,thursday,false,false,false,true,66.0,1019.0,,,9.01,500
38,1488463311000,901,false,thursday,false,false,false,true,66.0,1019.0,,,9.01,500
48,1488464958000,929,false,thursday,false,false,false,true,66.0,1019.0,,,9.01,500
33,1488466754000,959,false,thursday,false,false,false,true,66.0,1019.0,,,9.01,500
51,1488468364000,986,false,thursday,false,false,false,true,66.0,1019.0,,,9.01,500
44,1488468404000,986,false,thursday,false,false,false,true,66.0,1019.0,,,9.01,500
36,1488469497000,1004,false,thursday,false,false,false,true,66.0,1019.0,,,9.01,500
36,1488470290000,1018,false,thursday,false,false,false,true,66.0,1019.0,,,9.01,500
42,1488471142000,1032,false,thursday,false,false,false,true,57.0,1019.0,,,10.48,803
32,1488472246000,1050,false,thursday,false,false,false,true,57.0,1019.0,,,10.48,803
40,1488473002000,1063,false,thursday,false,false,false,true,57.0,1019.0,,,10.48,803
49,1488473826000,1077,false,thursday,false,false,false,true,57.0,1019.0,,,10.48,803
35,1488473934000,1078,false,thursday,false,false,false,true,57.0,1019.0,,,10.48,803
39,1488474847000,1094,false,thursday,false,false,false,true,57.0,1019.0,,,10.48,803
46,1488475643000,1107,false,thursday,false,false,false,true,57.0,1019.0,,,10.48,803
38,1488475707000,1108,false,thursday,false,false,false,true,57.0,1019.0,,,10.48,803
33,1488476536000,1122,false,thursday,false,false,false,true,57.0,1019.0,,,10.48,803
37,1488477525000,1138,false,thursday,false,false,false,true,57.0,1019.0,,,10.48,803
32,1488478779000,1159,false,thursday,false,false,false,true,57.0,1019.0,,,10.48,803
46,1488479239000,1167,false,thursday,false,false,false,true,57.0,1019.0,,,10.48,803
28,1488479430000,1170,false,thursday,false,false,false,true,57.0,1019.0,,,10.48,803
37,1488480520000,1188,false,thursday,false,false,false,true,57.0,1019.0,,,10.48,803
37,1488484530000,1255,false,thursday,false,false,false,true,57.0,1019.0,,,10.48,803
40,1488488311000,1318,false,thursday,false,false,false,true,86.0,1018.0,,,4.99,800
42,1488492141000,1382,false,thursday,false,false,false,true,86.0,1018.0,,,4.99,800
39,1488495620000,0,false,friday,false,false,false,true,86.0,1018.0,,,4.99,800
45,1488516422000,347,false,friday,false,false,false,true,90.0,1016.0,,,1.01,701
44,1488518250000,377,false,friday,false,false,false,true,90.0,1016.0,,,1.01,701
34,1488520260000,411,false,friday,false,false,false,true,90.0,1016.0,,,1.01,701
24,1488521960000,439,true,friday,false,false,false,true,90.0,1016.0,,,1.01,701
25,1488522987000,456,true,friday,false,false,false,true,90.0,1016.0,,,1.01,701
22,1488524033000,473,true,friday,false,false,false,true,90.0,1016.0,,,1.01,701
30,1488524763000,486,true,friday,false,false,false,true,90.0,1016.0,,,1.01,701
25,1488525826000,503,true,friday,false,false,false,true,90.0,1016.0,,,1.01,701
23,1488526912000,521,true,friday,false,false,false,true,90.0,1016.0,,,1.01,701
33,1488527732000,535,true,friday,false,false,false,true,90.0,1016.0,,,1.01,701
34,1488528440000,547,true,friday,false,false,false,true,100.0,1014.0,,,3.08,802
40,1488529378000,562,true,friday,false,false,false,true,100.0,1014.0,,,3.08,802
38,1488529398000,563,true,friday,false,false,false,true,100.0,1014.0,,,3.08,802
42,1488530200000,576,false,friday,false,false,false,true,100.0,1014.0,,,3.08,802
37,1488531627000,600,false,friday,false,false,false,true,100.0,1014.0,,,3.08,802
31,1488533550000,632,false,friday,false,false,false,true,100.0,1014.0,,,3.08,802
40,1488535192000,659,false,friday,false,false,false,true,100.0,1014.0,,,3.08,802
38,1488536942000,689,false,friday,false,false,false,true,100.0,1014.0,,,3.08,802
36,1488539059000,724,false,friday,false,false,false,true,100.0,1014.0,,,3.08,802
33,1488539102000,725,false,friday,false,false,false,true,100.0,1014.0,,,3.08,802
36,1488540567000,749,false,friday,false,false,false,true,100.0,1014.0,,,3.08,802
37,1488542333000,778,false,friday,false,false,false,true,100.0,1014.0,,,3.08,802
34,1488544176000,809,false,friday,false,false,false,true,70.0,1009.0,,,10.01,800
35,1488545939000,838,false,friday,false,false,false,true,70.0,1009.0,,,10.01,800
32,1488547950000,872,false,friday,false,false,false,true,70.0,1009.0,,,10.01,800
37,1488549599000,899,false,friday,false,false,false,true,70.0,1009.0,,,10.01,800
37,1488551422000,930,false,friday,false,false,false,true,70.0,1009.0,,,10.01,800
38,1488553179000,959,false,friday,false,false,false,true,70.0,1009.0,,,10.01,800
50,1488554791000,986,false,friday,false,false,false,true,70.0,1009.0,,,10.01,800
36,1488554893000,988,false,friday,false,false,false,true,70.0,1009.0,,,10.01,800
34,1488555889000,1004,false,friday,false,false,false,true,70.0,1009.0,,,10.01,800
39,1488556680000,1018,false,friday,false,false,false,true,70.0,1009.0,,,10.01,800
37,1488557630000,1033,false,friday,false,false,false,true,66.0,1006.0,,,9.99,800
36,1488558512000,1048,false,friday,false,false,false,true,66.0,1006.0,,,9.99,800
39,1488559456000,1064,false,friday,false,false,false,true,66.0,1006.0,,,9.99,800
37,1488560398000,1079,false,friday,false,false,false,true,66.0,1006.0,,,9.99,800
34,1488561228000,1093,false,friday,false,false,false,true,66.0,1006.0,,,9.99,800
31,1488562167000,1109,false,friday,false,false,false,true,66.0,1006.0,,,9.99,800
47,1488562877000,1121,false,friday,false,false,false,true,66.0,1006.0,,,9.99,800
47,1488563810000,1136,false,friday,false,false,false,true,66.0,1006.0,,,9.99,800
40,1488564953000,1155,false,friday,false,false,false,true,66.0,1006.0,,,9.99,800
40,1488565860000,1171,false,friday,false,false,false,true,66.0,1006.0,,,9.99,800
42,1488567021000,1190,false,friday,false,false,false,true,66.0,1006.0,,,9.99,800
42,1488570828000,1253,false,friday,false,false,false,true,66.0,1006.0,,,9.99,800
40,1488574659000,1317,false,friday,false,false,false,true,81.0,1003.0,,,5.99,800
40,1488578581000,1383,false,friday,false,false,false,true,81.0,1003.0,,,5.99,800
40,1488582139000,2,false,saturday,false,false,false,true,81.0,1003.0,,,5.99,800
37,1488643059000,1017,false,saturday,false,false,false,true,70.0,994.0,,,10.03,521
32,1488645766000,1062,false,saturday,false,false,false,true,81.0,997.0,,,8.03,501
40,1488648350000,1105,false,saturday,false,false,false,true,81.0,997.0,,,8.03,501
37,1488651150000,1152,false,saturday,false,false,false,true,81.0,997.0,,,8.03,501
34,1488653640000,1194,false,saturday,false,false,false,true,81.0,997.0,,,8.03,501
36,1488657606000,1260,false,saturday,false,false,false,true,81.0,1004.0,,,6.35,520
45,1488661151000,1319,false,saturday,false,false,false,true,81.0,1004.0,,,6.35,520
45,1488664727000,1378,false,saturday,false,false,false,true,81.0,1004.0,,,6.35,520
45,1488668651000,4,false,sunday,false,false,false,true,81.0,1004.0,,,6.35,520
40,1488696452000,467,true,sunday,false,false,false,true,80.0,1008.0,,,4.75,500
45,1488700031000,527,true,sunday,false,false,false,true,80.0,1008.0,,,4.75,500
48,1488703821000,590,false,sunday,false,false,false,true,86.0,1010.0,,,5.53,801
44,1488703849000,590,false,sunday,false,false,false,true,86.0,1010.0,,,5.53,801
36,1488707281000,648,false,sunday,false,false,false,true,86.0,1010.0,,,5.53,801
44,1488710972000,709,false,sunday,false,false,false,true,86.0,1010.0,,,5.53,801
42,1488714718000,771,false,sunday,false,false,false,true,86.0,1010.0,,,5.53,801
45,1488718181000,829,false,sunday,false,false,false,true,53.0,1007.0,,,10.01,803
44,1488721832000,890,false,sunday,false,false,false,true,53.0,1007.0,,,10.01,803
48,1488725131000,945,false,sunday,false,false,false,true,53.0,1007.0,,,10.01,803
44,1488728821000,1007,false,sunday,false,false,false,true,53.0,1007.0,,,10.01,803
45,1488732406000,1066,false,sunday,false,false,false,true,93.0,1008.0,,,6.02,500
36,1488736171000,1129,false,sunday,false,false,false,true,93.0,1008.0,,,6.02,500
44,1488739910000,1191,false,sunday,false,false,false,true,93.0,1008.0,,,6.02,500
35,1488743771000,1256,false,sunday,false,false,false,true,93.0,1008.0,,,6.02,500
40,1488747509000,1318,false,sunday,false,false,false,true,87.0,1010.0,,,6.01,520
40,1488751211000,1380,false,sunday,false,false,false,true,87.0,1010.0,,,6.01,520
41,1488754866000,1,false,monday,false,false,true,true,87.0,1010.0,,,6.01,520
41,1488754867000,1,false,monday,false,false,true,true,87.0,1010.0,,,6.01,520
41,1488754866000,1,false,monday,false,false,true,true,87.0,1010.0,,,6.01,520
43,1488775637000,347,false,monday,false,false,true,true,70.0,1011.0,,,6.25,300
40,1488777466000,377,false,monday,false,false,true,true,70.0,1011.0,,,6.25,300
25,1488779572000,412,false,monday,false,false,true,true,70.0,1011.0,,,6.25,300
19,1488781264000,441,true,monday,false,false,true,true,70.0,1011.0,,,6.25,300
17,1488782405000,460,true,monday,false,false,true,true,70.0,1011.0,,,6.25,300
17,1488783371000,476,true,monday,false,false,true,true,70.0,1011.0,,,6.25,300
22,1488784290000,491,true,monday,false,false,true,true,70.0,1011.0,,,6.25,300
19,1488785240000,507,true,monday,false,false,true,true,70.0,1011.0,,,6.25,300
20,1488786133000,522,true,monday,false,false,true,true,70.0,1011.0,,,6.25,300
19,1488786150000,522,true,monday,false,false,true,true,70.0,1011.0,,,6.25,300
20,1488787196000,539,true,monday,false,false,true,true,70.0,1011.0,,,6.25,300
27,1488787792000,549,true,monday,false,false,true,true,86.0,1009.0,,,5.53,501
38,1488789167000,572,false,monday,false,false,true,true,86.0,1009.0,,,5.53,501
37,1488789644000,580,false,monday,false,false,true,true,86.0,1009.0,,,5.53,501
37,1488790747000,599,false,monday,false,false,true,true,86.0,1009.0,,,5.53,501
37,1488792662000,631,false,monday,false,false,true,true,86.0,1009.0,,,5.53,501
36,1488794481000,661,false,monday,false,false,true,true,86.0,1009.0,,,5.53,501
45,1488796141000,689,false,monday,false,false,true,true,86.0,1009.0,,,5.53,501
36,1488798052000,720,false,monday,false,false,true,true,86.0,1009.0,,,5.53,501
30,1488799751000,749,false,monday,false,false,true,true,86.0,1009.0,,,5.53,501
30,1488799750000,749,false,monday,false,false,true,true,86.0,1009.0,,,5.53,501
40,1488801656000,780,false,monday,false,false,true,true,86.0,1008.0,,,5.76,500
37,1488803337000,808,false,monday,false,false,true,true,86.0,1008.0,,,5.76,500
26,1488805456000,844,false,monday,false,false,true,true,86.0,1008.0,,,5.76,500
34,1488807197000,873,false,monday,false,false,true,true,86.0,1008.0,,,5.76,500
34,1488808706000,898,false,monday,false,false,true,true,86.0,1008.0,,,5.76,500
36,1488810543000,929,false,monday,false,false,true,true,86.0,1008.0,,,5.76,500
36,1488812337000,958,false,monday,false,false,true,true,86.0,1008.0,,,5.76,500
40,1488814127000,988,false,monday,false,false,true,true,86.0,1008.0,,,5.76,500
39,1488814930000,1002,false,monday,false,false,true,true,86.0,1008.0,,,5.76,500
34,1488815942000,1019,false,monday,false,false,true,true,86.0,1008.0,,,5.76,500
37,1488816777000,1032,false,monday,false,false,true,true,87.0,1003.0,,,7.28,520
37,1488817757000,1049,false,monday,false,false,true,true,87.0,1003.0,,,7.28,520
35,1488818615000,1063,false,monday,false,false,true,true,87.0,1003.0,,,7.28,520
40,1488819424000,1077,false,monday,false,false,true,true,87.0,1003.0,,,7.28,520
38,1488819442000,1077,false,monday,false,false,true,true,87.0,1003.0,,,7.28,520
40,1488820337000,1092,false,monday,false,false,true,true,87.0,1003.0,,,7.28,520
28,1488821456000,1110,false,monday,false,false,true,true,87.0,1003.0,,,7.28,520
34,1488822177000,1122,false,monday,false,false,true,true,87.0,1003.0,,,7.28,520
40,1488823487000,1144,false,monday,false,false,true,true,87.0,1003.0,,,7.28,520
42,1488824065000,1154,false,monday,false,false,true,true,87.0,1003.0,,,7.28,520
-1,1488823904000,1151,false,monday,false,false,true,true,87.0,1003.0,,,7.28,520
37,1488824920000,1168,false,monday,false,false,true,true,87.0,1003.0,,,7.28,520
53,1488827816000,1216,false,monday,false,false,true,true,87.0,1003.0,,,7.28,520
47,1488830072000,1254,false,monday,false,false,true,true,87.0,1003.0,,,7.28,520
37,1488833855000,1317,false,monday,false,false,true,true,80.0,1010.0,,,5.27,500
42,1488837486000,1378,false,monday,false,false,true,true,80.0,1010.0,,,5.27,500
51,1488841115000,1438,false,monday,false,false,true,true,80.0,1010.0,,,5.27,500
40,1488862149000,349,false,tuesday,false,false,true,true,99.0,1016.0,,,2.11,600
36,1488864047000,380,false,tuesday,false,false,true,true,99.0,1016.0,,,2.11,600
33,1488864080000,381,false,tuesday,false,false,true,true,99.0,1016.0,,,2.11,600
29,1488865975000,412,false,tuesday,false,false,true,true,99.0,1016.0,,,2.11,600
17,1488867930000,445,true,tuesday,false,false,true,true,99.0,1016.0,,,2.11,600
22,1488868881000,461,true,tuesday,false,false,true,true,99.0,1016.0,,,2.11,600
21,1488868920000,462,true,tuesday,false,false,true,true,99.0,1016.0,,,2.11,600
12,1488870313000,485,true,tuesday,false,false,true,true,99.0,1016.0,,,2.11,600
17,1488867931000,445,true,tuesday,false,false,true,true,99.0,1016.0,,,2.11,600
17,1488867930000,445,true,tuesday,false,false,true,true,99.0,1016.0,,,2.11,600
13,1488871834000,510,true,tuesday,false,false,true,true,93.0,1017.0,,,2.51,500
16,1488872134000,515,true,tuesday,false,false,true,true,93.0,1017.0,,,2.51,500
11,1488874161000,549,true,tuesday,false,false,true,true,93.0,1017.0,,,2.51,500
14,1488874279000,551,true,tuesday,false,false,true,true,93.0,1017.0,,,2.51,500
24,1488875011000,563,true,tuesday,false,false,true,true,93.0,1017.0,,,2.51,500
23,1488875048000,564,true,tuesday,false,false,true,true,93.0,1017.0,,,2.51,500
32,1488875874000,577,false,tuesday,false,false,true,true,93.0,1017.0,,,2.51,500
32,1488875875000,577,false,tuesday,false,false,true,true,93.0,1017.0,,,2.51,500
32,1488875874000,577,false,tuesday,false,false,true,true,93.0,1017.0,,,2.51,500
40,1488878021000,613,false,tuesday,false,false,true,true,93.0,1017.0,,,2.51,500
23,1488875049000,564,true,tuesday,false,false,true,true,93.0,1017.0,,,2.51,500
23,1488875048000,564,true,tuesday,false,false,true,true,93.0,1017.0,,,2.51,500
37,1488879031000,630,false,tuesday,false,false,true,true,93.0,1017.0,,,2.51,500
13,1488871835000,510,true,tuesday,false,false,true,true,93.0,1017.0,,,2.51,500
13,1488871834000,510,true,tuesday,false,false,true,true,93.0,1017.0,,,2.51,500
40,1488880728000,658,false,tuesday,false,false,true,true,93.0,1017.0,,,2.51,500
53,1488883589000,706,false,tuesday,false,false,true,true,93.0,1017.0,,,2.51,500
49,1488884064000,714,false,tuesday,false,false,true,true,93.0,1017.0,,,2.51,500
42,1488886080000,748,false,tuesday,false,false,true,true,93.0,1017.0,,,2.51,500
38,1488887947000,779,false,tuesday,false,false,true,true,93.0,1017.0,,,2.51,500
39,1488889934000,812,false,tuesday,false,false,true,true,87.0,1018.0,,,5.75,500
37,1488891631000,840,false,tuesday,false,false,true,true,87.0,1018.0,,,5.75,500
44,1488893308000,868,false,tuesday,false,false,true,true,87.0,1018.0,,,5.75,500
35,1488893382000,869,false,tuesday,false,false,true,true,87.0,1018.0,,,5.75,500
36,1488895165000,899,false,tuesday,false,false,true,true,87.0,1018.0,,,5.75,500
42,1488896962000,929,false,tuesday,false,false,true,true,87.0,1018.0,,,5.75,500
37,1488898826000,960,false,tuesday,false,false,true,true,87.0,1018.0,,,5.75,500
37,1488900414000,986,false,tuesday,false,false,true,true,87.0,1018.0,,,5.75,500
49,1488901281000,1001,false,tuesday,false,false,true,true,87.0,1018.0,,,5.75,500
45,1488902334000,1018,false,tuesday,false,false,true,true,87.0,1018.0,,,5.75,500
45,1488902335000,1018,false,tuesday,false,false,true,true,87.0,1018.0,,,5.75,500
35,1488903172000,1032,false,tuesday,false,false,true,true,87.0,1018.0,,,5.75,500
45,1488902334000,1018,false,tuesday,false,false,true,true,87.0,1018.0,,,5.75,500
53,1488883590000,706,false,tuesday,false,false,true,true,93.0,1017.0,,,2.51,500
36,1488904140000,1049,false,tuesday,false,false,true,true,65.0,1020.0,,,6.24,521
53,1488883589000,706,false,tuesday,false,false,true,true,93.0,1017.0,,,2.51,500
40,1488904957000,1062,false,tuesday,false,false,true,true,65.0,1020.0,,,6.24,521
36,1488906083000,1081,false,tuesday,false,false,true,true,65.0,1020.0,,,6.24,521
42,1488906689000,1091,false,tuesday,false,false,true,true,65.0,1020.0,,,6.24,521
42,1488907637000,1107,false,tuesday,false,false,true,true,65.0,1020.0,,,6.24,521
11,1488874162000,549,true,tuesday,false,false,true,true,93.0,1017.0,,,2.51,500
38,1488907671000,1107,false,tuesday,false,false,true,true,65.0,1020.0,,,6.24,521
11,1488874161000,549,true,tuesday,false,false,true,true,93.0,1017.0,,,2.51,500
34,1488908606000,1123,false,tuesday,false,false,true,true,65.0,1020.0,,,6.24,521
32,1488909474000,1137,false,tuesday,false,false,true,true,65.0,1020.0,,,6.24,521
36,1488910401000,1153,false,tuesday,false,false,true,true,65.0,1020.0,,,6.24,521
37,1488911314000,1168,false,tuesday,false,false,true,true,65.0,1020.0,,,6.24,521
39,1488912632000,1190,false,tuesday,false,false,true,true,65.0,1020.0,,,6.24,521
39,1488912631000,1190,false,tuesday,false,false,true,true,65.0,1020.0,,,6.24,521
44,1488916395000,1253,false,tuesday,false,false,true,true,65.0,1020.0,,,6.24,521
42,1488916413000,1253,false,tuesday,false,false,true,true,65.0,1020.0,,,6.24,521
13,1488871835000,510,true,tuesday,false,false,true,true,93.0,1017.0,,,2.51,500
13,1488871834000,510,true,tuesday,false,false,true,true,93.0,1017.0,,,2.51,500
42,1488920200000,1316,false,tuesday,false,false,true,true,93.0,1022.0,,,4.0,803
47,1488923957000,1379,false,tuesday,false,false,true,true,93.0,1022.0,,,4.0,803
52,1488927578000,1439,false,tuesday,false,false,true,true,93.0,1022.0,,,4.0,803
48,1488948420000,347,false,wednesday,false,false,true,true,100.0,1024.0,,,0.53,741
42,1488950298000,378,false,wednesday,false,false,true,true,100.0,1024.0,,,0.53,741
29,1488952244000,410,false,wednesday,false,false,true,true,100.0,1024.0,,,0.53,741
26,1488953905000,438,true,wednesday,false,false,true,true,100.0,1024.0,,,0.53,741
20,1488955141000,459,true,wednesday,false,false,true,true,100.0,1024.0,,,0.53,741
23,1488955967000,472,true,wednesday,false,false,true,true,100.0,1024.0,,,0.53,741
21,1488956959000,489,true,wednesday,false,false,true,true,100.0,1024.0,,,0.53,741
21,1488957880000,504,true,wednesday,false,false,true,true,100.0,1024.0,,,0.53,741
28,1488958775000,519,true,wednesday,false,false,true,true,100.0,1024.0,,,0.53,741
26,1488959821000,537,true,wednesday,false,false,true,true,100.0,1024.0,,,0.53,741
31,1488960442000,547,true,wednesday,false,false,true,true,100.0,1025.0,,,2.27,803
37,1488961361000,562,true,wednesday,false,false,true,true,100.0,1025.0,,,2.27,803
42,1488962289000,578,false,wednesday,false,false,true,true,100.0,1025.0,,,2.27,803
42,1488962288000,578,false,wednesday,false,false,true,true,100.0,1025.0,,,2.27,803
40,1488963961000,606,false,wednesday,false,false,true,true,100.0,1025.0,,,2.27,803
38,1488965464000,631,false,wednesday,false,false,true,true,100.0,1025.0,,,2.27,803
38,1488965465000,631,false,wednesday,false,false,true,true,100.0,1025.0,,,2.27,803
38,1488965464000,631,false,wednesday,false,false,true,true,100.0,1025.0,,,2.27,803
31,1488967226000,660,false,wednesday,false,false,true,true,100.0,1025.0,,,2.27,803
40,1488969000000,690,false,wednesday,false,false,true,true,100.0,1025.0,,,2.27,803
37,1488970844000,720,false,wednesday,false,false,true,true,100.0,1025.0,,,2.27,803
51,1488972423000,747,false,wednesday,false,false,true,true,100.0,1025.0,,,2.27,803
34,1488974344000,779,false,wednesday,false,false,true,true,100.0,1025.0,,,2.27,803
42,1488976153000,809,false,wednesday,false,false,true,true,80.0,1026.0,,,5.77,500
28,1488978123000,842,false,wednesday,false,false,true,true,80.0,1026.0,,,5.77,500
40,1488979786000,869,false,wednesday,false,false,true,true,80.0,1026.0,,,5.77,500
39,1488981612000,900,false,wednesday,false,false,true,true,80.0,1026.0,,,5.77,500
39,1488983404000,930,false,wednesday,false,false,true,true,80.0,1026.0,,,5.77,500
36,1488985187000,959,false,wednesday,false,false,true,true,80.0,1026.0,,,5.77,500
35,1488986811000,986,false,wednesday,false,false,true,true,80.0,1026.0,,,5.77,500
34,1488987706000,1001,false,wednesday,false,false,true,true,80.0,1026.0,,,5.77,500
36,1488988726000,1018,false,wednesday,false,false,true,true,80.0,1026.0,,,5.77,500
42,1488989560000,1032,false,wednesday,false,false,true,true,81.0,1025.0,,,7.0,803
37,1488990453000,1047,false,wednesday,false,false,true,true,81.0,1025.0,,,7.0,803
35,1488990472000,1047,false,wednesday,false,false,true,true,81.0,1025.0,,,7.0,803
45,1488991408000,1063,false,wednesday,false,false,true,true,81.0,1025.0,,,7.0,803
37,1488992424000,1080,false,wednesday,false,false,true,true,81.0,1025.0,,,7.0,803
43,1488993117000,1091,false,wednesday,false,false,true,true,81.0,1025.0,,,7.0,803
36,1488994105000,1108,false,wednesday,false,false,true,true,81.0,1025.0,,,7.0,803
34,1488994125000,1108,false,wednesday,false,false,true,true,81.0,1025.0,,,7.0,803
37,1488995007000,1123,false,wednesday,false,false,true,true,81.0,1025.0,,,7.0,803
37,1488995851000,1137,false,wednesday,false,false,true,true,81.0,1025.0,,,7.0,803
40,1488996807000,1153,false,wednesday,false,false,true,true,81.0,1025.0,,,7.0,803
43,1488997739000,1168,false,wednesday,false,false,true,true,81.0,1025.0,,,7.0,803
39,1488997775000,1169,false,wednesday,false,false,true,true,81.0,1025.0,,,7.0,803
37,1488999177000,1192,false,wednesday,false,false,true,true,81.0,1025.0,,,7.0,803
40,1489002805000,1253,false,wednesday,false,false,true,true,81.0,1025.0,,,7.0,803
39,1489006708000,1318,false,wednesday,false,false,true,true,87.0,1026.0,,,6.74,500
49,1489010395000,1379,false,wednesday,false,false,true,true,87.0,1026.0,,,6.74,500
46,1489034829000,347,false,thursday,false,false,true,true,100.0,1026.0,,,7.04,500
39,1489036781000,379,false,thursday,false,false,true,true,100.0,1026.0,,,7.04,500
27,1489038816000,413,false,thursday,false,false,true,true,100.0,1026.0,,,7.04,500
27,1489038815000,413,false,thursday,false,false,true,true,100.0,1026.0,,,7.04,500
20,1489040474000,441,true,thursday,false,false,true,true,100.0,1026.0,,,7.04,500
19,1489040512000,441,true,thursday,false,false,true,true,100.0,1026.0,,,7.04,500
19,1489041689000,461,true,thursday,false,false,true,true,93.0,1026.0,,,7.0,521
19,1489042492000,474,true,thursday,false,false,true,true,93.0,1026.0,,,7.0,521
24,1489043393000,489,true,thursday,false,false,true,true,93.0,1026.0,,,7.0,521
19,1489041690000,461,true,thursday,false,false,true,true,93.0,1026.0,,,7.0,521
19,1489041689000,461,true,thursday,false,false,true,true,93.0,1026.0,,,7.0,521
20,1489044365000,506,true,thursday,false,false,true,true,93.0,1026.0,,,7.0,521
20,1489044366000,506,true,thursday,false,false,true,true,93.0,1026.0,,,7.0,521
22,1489045333000,522,true,thursday,false,false,true,true,93.0,1026.0,,,7.0,521
20,1489044365000,506,true,thursday,false,false,true,true,93.0,1026.0,,,7.0,521
21,1489046451000,540,true,thursday,false,false,true,true,93.0,1026.0,,,7.0,521
26,1489047086000,551,true,thursday,false,false,true,true,93.0,1026.0,,,7.0,521
47,1489047785000,563,true,thursday,false,false,true,true,93.0,1026.0,,,7.0,521
41,1489047830000,563,true,thursday,false,false,true,true,93.0,1026.0,,,7.0,521
45,1489048862000,581,false,thursday,false,false,true,true,93.0,1026.0,,,7.0,521
47,1489050257000,604,false,thursday,false,false,true,true,93.0,1026.0,,,7.0,521
39,1489050311000,605,false,thursday,false,false,true,true,93.0,1026.0,,,7.0,521
36,1489051831000,630,false,thursday,false,false,true,true,93.0,1026.0,,,7.0,521
40,1489053559000,659,false,thursday,false,false,true,true,93.0,1026.0,,,7.0,521
42,1489055289000,688,false,thursday,false,false,true,true,93.0,1026.0,,,7.0,521
36,1489057285000,721,false,thursday,false,false,true,true,76.0,1025.0,,,11.2,803
35,1489058952000,749,false,thursday,false,false,true,true,76.0,1025.0,,,11.2,803
37,1489060832000,780,false,thursday,false,false,true,true,76.0,1025.0,,,11.2,803
31,1489062561000,809,false,thursday,false,false,true,true,76.0,1025.0,,,11.2,803
32,1489064363000,839,false,thursday,false,false,true,true,76.0,1025.0,,,11.2,803
37,1489066101000,868,false,thursday,false,false,true,true,76.0,1025.0,,,11.2,803
36,1489068032000,900,false,thursday,false,false,true,true,76.0,1025.0,,,11.2,803
36,1489069764000,929,false,thursday,false,false,true,true,76.0,1025.0,,,11.2,803
47,1489071451000,957,false,thursday,false,false,true,true,62.0,1024.0,,,13.96,803
36,1489071546000,959,false,thursday,false,false,true,true,62.0,1024.0,,,13.96,803
40,1489073372000,989,false,thursday,false,false,true,true,62.0,1024.0,,,13.96,803
36,1489074191000,1003,false,thursday,false,false,true,true,62.0,1024.0,,,13.96,803
40,1489075085000,1018,false,thursday,false,false,true,true,62.0,1024.0,,,13.96,803
36,1489075942000,1032,false,thursday,false,false,true,true,62.0,1024.0,,,13.96,803
40,1489076821000,1047,false,thursday,false,false,true,true,62.0,1024.0,,,13.96,803
48,1489077875000,1064,false,thursday,false,false,true,true,62.0,1024.0,,,13.96,803
37,1489078704000,1078,false,thursday,false,false,true,true,62.0,1024.0,,,13.96,803
36,1489079575000,1092,false,thursday,false,false,true,true,62.0,1024.0,,,13.96,803
40,1489080443000,1107,false,thursday,false,false,true,true,62.0,1024.0,,,13.96,803
32,1489081406000,1123,false,thursday,false,false,true,true,62.0,1024.0,,,13.96,803
37,1489082752000,1145,false,thursday,false,false,true,true,62.0,1024.0,,,13.96,803
33,1489083351000,1155,false,thursday,false,false,true,true,62.0,1024.0,,,13.96,803
35,1489084204000,1170,false,thursday,false,false,true,true,81.0,1025.0,,,11.01,803
40,1489085401000,1190,false,thursday,false,false,true,true,81.0,1025.0,,,11.01,803
39,1489089262000,1254,false,thursday,false,false,true,true,81.0,1025.0,,,11.01,803
45,1489093077000,1317,false,thursday,false,false,true,true,81.0,1025.0,,,11.01,803
40,1489096776000,1379,false,thursday,false,false,true,true,81.0,1025.0,,,11.01,803
40,1489096777000,1379,false,thursday,false,false,true,true,81.0,1025.0,,,11.01,803
40,1489096776000,1379,false,thursday,false,false,true,true,81.0,1025.0,,,11.01,803
45,1489100617000,3,false,friday,false,false,true,true,93.0,1025.0,,,9.02,500
43,1489121284000,348,false,friday,false,false,true,true,100.0,1025.0,,,8.27,701
48,1489123042000,377,false,friday,false,false,true,true,100.0,1025.0,,,8.27,701
28,1489125084000,411,false,friday,false,false,true,true,100.0,1025.0,,,8.27,701
25,1489125144000,412,false,friday,false,false,true,true,100.0,1025.0,,,8.27,701
22,1489126786000,439,true,friday,false,false,true,true,100.0,1025.0,,,8.27,701
20,1489128015000,460,true,friday,false,false,true,true,100.0,1025.0,,,6.51,741
20,1489128782000,473,true,friday,false,false,true,true,100.0,1025.0,,,6.51,741
20,1489128795000,473,true,friday,false,false,true,true,100.0,1025.0,,,6.51,741
27,1489129604000,486,true,friday,false,false,true,true,100.0,1025.0,,,6.51,741
20,1489130825000,507,true,friday,false,false,true,true,100.0,1025.0,,,6.51,741
17,1489132042000,527,true,friday,false,false,true,true,100.0,1025.0,,,6.51,741
18,1489132881000,541,true,friday,false,false,true,true,100.0,1025.0,,,6.51,741
32,1489133346000,549,true,friday,false,false,true,true,100.0,1025.0,,,6.51,741
25,1489134361000,566,true,friday,false,false,true,true,100.0,1025.0,,,6.51,741
40,1489135368000,582,false,friday,false,false,true,true,100.0,1025.0,,,6.51,741
35,1489136374000,599,false,friday,false,false,true,true,100.0,1025.0,,,6.51,741
40,1489138186000,629,false,friday,false,false,true,true,100.0,1025.0,,,6.51,741
42,1489139902000,658,false,friday,false,false,true,true,100.0,1025.0,,,6.51,741
46,1489141799000,689,false,friday,false,false,true,true,100.0,1025.0,,,6.51,741
40,1489143605000,720,false,friday,false,false,true,true,62.0,1025.0,,,13.47,801
45,1489145254000,747,false,friday,false,false,true,true,62.0,1025.0,,,13.47,801
43,1489147317000,781,false,friday,false,false,true,true,62.0,1025.0,,,13.47,801
40,1489147343000,782,false,friday,false,false,true,true,62.0,1025.0,,,13.47,801
34,1489148955000,809,false,friday,false,false,true,true,62.0,1025.0,,,13.47,801
38,1489150784000,839,false,friday,false,false,true,true,62.0,1025.0,,,13.47,801
36,1489152564000,869,false,friday,false,false,true,true,62.0,1025.0,,,13.47,801
45,1489154222000,897,false,friday,false,false,true,true,62.0,1025.0,,,13.47,801
39,1489156241000,930,false,friday,false,false,true,true,47.0,1022.0,,,15.96,800
37,1489157980000,959,false,friday,false,false,true,true,47.0,1022.0,,,15.96,800
31,1489159927000,992,false,friday,false,false,true,true,47.0,1022.0,,,15.96,800
34,1489160526000,1002,false,friday,false,false,true,true,47.0,1022.0,,,15.96,800
42,1489161517000,1018,false,friday,false,false,true,true,47.0,1022.0,,,15.96,800
40,1489161531000,1018,false,friday,false,false,true,true,47.0,1022.0,,,15.96,800
42,1489162395000,1033,false,friday,false,false,true,true,47.0,1022.0,,,15.96,800
42,1489163390000,1049,false,friday,false,false,true,true,47.0,1022.0,,,15.96,800
45,1489164261000,1064,false,friday,false,false,true,true,47.0,1022.0,,,15.96,800
37,1489165518000,1085,false,friday,false,false,true,true,47.0,1022.0,,,15.96,800
36,1489165909000,1091,false,friday,false,false,true,true,47.0,1022.0,,,15.96,800
48,1489167086000,1111,false,friday,false,false,true,true,47.0,1022.0,,,15.96,800
32,1489167797000,1123,false,friday,false,false,true,true,47.0,1022.0,,,15.96,800
39,1489168927000,1142,false,friday,false,false,true,true,47.0,1022.0,,,15.96,800
40,1489169643000,1154,false,friday,false,false,true,true,47.0,1022.0,,,15.96,800
37,1489170554000,1169,false,friday,false,false,true,true,47.0,1022.0,,,15.96,800
35,1489171754000,1189,false,friday,false,false,true,true,50.0,1023.0,,,11.17,800
37,1489175885000,1258,false,friday,false,false,true,true,50.0,1023.0,,,11.17,800
40,1489179408000,1316,false,friday,false,false,true,true,50.0,1023.0,,,11.17,800
36,1489183207000,1380,false,friday,false,false,true,true,50.0,1023.0,,,11.17,800
48,1489186848000,0,false,saturday,false,false,true,true,80.0,1024.0,,,6.51,801
42,1489247563000,1012,false,saturday,false,false,true,true,43.0,1018.0,,,15.76,800
40,1489250426000,1060,false,saturday,false,false,true,true,43.0,1018.0,,,15.76,800
42,1489253573000,1112,false,saturday,false,false,true,true,43.0,1018.0,,,15.76,800
40,1489253593000,1113,false,saturday,false,false,true,true,43.0,1018.0,,,15.76,800
41,1489255732000,1148,false,saturday,false,false,true,true,43.0,1018.0,,,15.76,800
37,1489258552000,1195,false,saturday,false,false,true,true,57.0,1017.0,,,10.66,800
40,1489262306000,1258,false,saturday,false,false,true,true,57.0,1017.0,,,10.66,800
40,1489265912000,1318,false,saturday,false,false,true,true,57.0,1017.0,,,10.66,800
44,1489269657000,1380,false,saturday,false,false,true,true,57.0,1017.0,,,10.66,800
39,1489273252000,0,false,sunday,false,false,true,true,80.0,1017.0,,,5.68,803
45,1489301314000,468,true,sunday,false,false,true,true,93.0,1014.0,,,2.95,800
36,1489304962000,529,true,sunday,false,false,true,true,93.0,1014.0,,,2.95,800
32,1489308752000,592,false,sunday,false,false,true,true,93.0,1014.0,,,2.95,800
37,1489312374000,652,false,sunday,false,false,true,true,93.0,1014.0,,,2.95,800
30,1489316082000,714,false,sunday,false,false,true,true,66.0,1014.0,,,10.16,800
37,1489319892000,778,false,sunday,false,false,true,true,66.0,1014.0,,,10.16,800
38,1489323654000,840,false,sunday,false,false,true,true,66.0,1014.0,,,10.16,800
51,1489327087000,898,false,sunday,false,false,true,true,66.0,1014.0,,,10.16,800
40,1489329904000,945,false,sunday,false,false,true,true,47.0,1012.0,,,14.24,800
42,1489333732000,1008,false,sunday,false,false,true,true,47.0,1012.0,,,14.24,800
46,1489337206000,1066,false,sunday,false,false,true,true,47.0,1012.0,,,14.24,800
42,1489340924000,1128,false,sunday,false,false,true,true,47.0,1012.0,,,14.24,800
52,1489344702000,1191,false,sunday,false,false,true,true,61.0,1013.0,,,10.98,800
40,1489348524000,1255,false,sunday,false,false,true,true,61.0,1013.0,,,10.98,800
40,1489352229000,1317,false,sunday,false,false,true,true,61.0,1013.0,,,10.98,800
37,1489356063000,1381,false,sunday,false,false,true,true,61.0,1013.0,,,10.98,800
45,1489359630000,0,false,monday,false,false,true,true,75.0,1015.0,,,7.68,800
41,1489380448000,347,false,monday,false,false,true,true,93.0,1017.0,,,4.01,800
37,1489382396000,379,false,monday,false,false,true,true,93.0,1017.0,,,4.01,800
29,1489384286000,411,false,monday,false,false,true,true,93.0,1017.0,,,4.01,800
28,1489384306000,411,false,monday,false,false,true,true,93.0,1017.0,,,4.01,800
22,1489385930000,438,true,monday,false,false,true,true,93.0,1017.0,,,4.01,800
19,1489387185000,459,true,monday,false,false,true,true,100.0,1020.0,,,2.22,701
26,1489387860000,471,true,monday,false,false,true,true,100.0,1020.0,,,2.22,701
23,1489389058000,490,true,monday,false,false,true,true,100.0,1020.0,,,2.22,701
22,1489390019000,506,true,monday,false,false,true,true,100.0,1020.0,,,2.22,701
20,1489391236000,527,true,monday,false,false,true,true,100.0,1020.0,,,2.22,701
20,1489391258000,527,true,monday,false,false,true,true,100.0,1020.0,,,2.22,701
20,1489391774000,536,true,monday,false,false,true,true,100.0,1020.0,,,2.22,701
24,1489392686000,551,true,monday,false,false,true,true,100.0,1020.0,,,2.22,701
37,1489393380000,563,true,monday,false,false,true,true,100.0,1020.0,,,2.22,701
42,1489394287000,578,false,monday,false,false,true,true,100.0,1020.0,,,2.22,701
40,1489395705000,601,false,monday,false,false,true,true,100.0,1020.0,,,2.22,701
40,1489397440000,630,false,monday,false,false,true,true,100.0,1020.0,,,2.22,701
37,1489399209000,660,false,monday,false,false,true,true,100.0,1020.0,,,2.22,701
40,1489400928000,688,false,monday,false,false,true,true,100.0,1020.0,,,2.22,701
36,1489402766000,719,false,monday,false,false,true,true,57.0,1023.0,,,11.69,800
40,1489404565000,749,false,monday,false,false,true,true,57.0,1023.0,,,11.69,800
40,1489406327000,778,false,monday,false,false,true,true,57.0,1023.0,,,11.69,800
38,1489408143000,809,false,monday,false,false,true,true,57.0,1023.0,,,11.69,800
49,1489409870000,837,false,monday,false,false,true,true,57.0,1023.0,,,11.69,800
37,1489409954000,839,false,monday,false,false,true,true,57.0,1023.0,,,11.69,800
34,1489411916000,871,false,monday,false,false,true,true,57.0,1023.0,,,11.69,800
52,1489413417000,896,false,monday,false,false,true,true,57.0,1023.0,,,11.69,800
38,1489413518000,898,false,monday,false,false,true,true,57.0,1023.0,,,11.69,800
32,1489415326000,928,false,monday,false,false,true,true,57.0,1023.0,,,11.69,800
42,1489417117000,958,false,monday,false,false,true,true,38.0,1023.0,,,17.2,802
37,1489417157000,959,false,monday,false,false,true,true,38.0,1023.0,,,17.2,802
35,1489418890000,988,false,monday,false,false,true,true,38.0,1023.0,,,17.2,802
40,1489419584000,999,false,monday,false,false,true,true,38.0,1023.0,,,17.2,802
39,1489420700000,1018,false,monday,false,false,true,true,38.0,1023.0,,,17.2,802
36,1489421602000,1033,false,monday,false,false,true,true,38.0,1023.0,,,17.2,802
37,1489422618000,1050,false,monday,false,false,true,true,38.0,1023.0,,,17.2,802
45,1489423457000,1064,false,monday,false,false,true,true,38.0,1023.0,,,17.2,802
31,1489424347000,1079,false,monday,false,false,true,true,38.0,1023.0,,,17.2,802
43,1489425088000,1091,false,monday,false,false,true,true,38.0,1023.0,,,17.2,802
28,1489426102000,1108,false,monday,false,false,true,true,38.0,1023.0,,,17.2,802
28,1489426103000,1108,false,monday,false,false,true,true,38.0,1023.0,,,17.2,802
36,1489426949000,1122,false,monday,false,false,true,true,38.0,1023.0,,,17.2,802
31,1489427987000,1139,false,monday,false,false,true,true,38.0,1023.0,,,17.2,802
28,1489426102000,1108,false,monday,false,false,true,true,38.0,1023.0,,,17.2,802
40,1489428885000,1154,false,monday,false,false,true,true,38.0,1023.0,,,17.2,802
36,1489429820000,1170,false,monday,false,false,true,true,38.0,1023.0,,,17.2,802
38,1489430962000,1189,false,monday,false,false,true,true,38.0,1023.0,,,17.2,802
40,1489434791000,1253,false,monday,false,false,true,true,66.0,1026.0,,,12.82,800
41,1489438664000,1317,false,monday,false,false,true,true,66.0,1026.0,,,12.82,800
50,1489442307000,1378,false,monday,false,false,true,true,66.0,1026.0,,,12.82,800
42,1489446024000,0,false,tuesday,false,false,true,true,81.0,1028.0,,,6.73,800
45,1489466881000,348,false,tuesday,false,false,true,true,86.0,1029.0,,,3.49,800
44,1489468623000,377,false,tuesday,false,false,true,true,86.0,1029.0,,,3.49,800
26,1489470658000,410,false,tuesday,false,false,true,true,86.0,1029.0,,,3.49,800
20,1489472356000,439,true,tuesday,false,false,true,true,86.0,1029.0,,,3.49,800
21,1489473528000,458,true,tuesday,false,false,true,true,92.0,1031.0,,,0.96,800
43,1489852701000,1018,false,saturday,false,false,true,true,,,,,,
43,1489852702000,1018,false,saturday,false,false,true,true,,,,,,
43,1489852701000,1018,false,saturday,false,false,true,true,,,,,,
21,1489855492000,1064,false,saturday,false,false,true,true,81.0,1020.0,,,10.01,500
48,1489858467000,1114,false,saturday,false,false,true,true,81.0,1020.0,,,10.01,500
20,1489861005000,1156,false,saturday,false,false,true,true,81.0,1020.0,,,10.01,500
29,1489863536000,1198,false,saturday,false,false,true,true,81.0,1020.0,,,10.01,500
38,1489866972000,1256,false,saturday,false,false,true,true,81.0,1020.0,,,10.01,500
48,1489870685000,1318,false,saturday,false,false,true,true,93.0,1021.0,,,9.5,701
45,1489874456000,1380,false,saturday,false,false,true,true,93.0,1021.0,,,9.5,701
53,1489877919000,1438,false,saturday,false,false,true,true,93.0,1021.0,,,9.5,701
